filename,tempo,beats,chroma_stft,rmse,spectral_centroid,spectral_bandwidth,rolloff,zero_crossing_rate,mfcc1,mfcc2,mfcc3,mfcc4,mfcc5,mfcc6,mfcc7,mfcc8,mfcc9,mfcc10,mfcc11,mfcc12,mfcc13,mfcc14,mfcc15,mfcc16,mfcc17,mfcc18,mfcc19,mfcc20,label
blues.00081.au,103.359375,50,0.38026021,0.248262286,2116.942959,1956.611056,4196.10796,0.127272473,-26.9297847,107.3340076,-46.80999314,40.93263381,-21.46377582,24.81627495,-18.94557135,15.25345946,-15.05010408,12.26282276,-15.2340499,14.33661217,-13.82176877,7.562788734,-6.181372493,0.330165006,-6.829571234,0.965921744,-7.570824747,2.918986943,1
blues.00022.au,95.703125,44,0.306450871,0.113475412,1156.070496,1497.668176,2170.053545,0.058613402,-233.8607719,136.1702391,3.289489746,48.9311927,8.699106029,13.95475177,5.359448746,0.381334016,-13.49026502,16.87176853,5.145257765,-2.250577765,3.959197787,5.322554727,0.812028402,-1.1072016,-4.556555095,-2.436489803,3.316912612,-0.608484894,1
blues.00031.au,151.9990809,75,0.253487102,0.151570767,1331.07397,1973.643437,2900.17413,0.042967238,-221.8025493,110.8430705,18.62098358,30.9229964,3.291329639,22.58744675,-20.41830257,12.12099491,-26.34795623,-4.356270119,-26.40667424,-13.03772344,-12.6522277,-1.821905314,-7.260096643,-6.660251774,-14.68269352,-11.71926356,-11.02521621,-13.38726005,1
blues.00012.au,184.5703125,91,0.269320022,0.119071715,1361.045467,1567.804596,2739.625101,0.069123921,-207.20808,132.7991755,-15.43898557,60.98672701,0.725806999,12.4378277,1.183835723,-1.540779448,-17.88815391,8.358496131,-2.45206763,-0.613248178,0.38487737,2.605127927,-5.188923751,-9.527455287,-9.244394049,-2.848273751,-1.418706862,-5.93260696,1
blues.00056.au,161.4990234,74,0.391058605,0.137728348,1811.076084,2052.332563,3927.809582,0.075479513,-145.4345676,102.8290234,-12.51767705,56.99347248,2.271347314,26.59140169,-4.274803265,17.33880938,-7.985592904,15.23542685,-6.934599487,7.457217936,-10.47044404,-2.360483396,-6.7836235,2.671134086,-4.760879375,-0.949004851,0.024832053,-2.005314621,1
blues.00058.au,107.6660156,51,0.356588176,0.162027627,2068.371125,2033.930047,4231.499413,0.104371629,-95.43602667,105.2166999,-26.95301214,60.83087296,-4.828224038,21.53847091,-13.51477824,12.12210695,-20.23363443,12.1386576,-5.227018433,10.26257519,-9.438187173,3.867534655,-10.18745284,3.588092744,-3.100752645,0.194596849,0.842871832,-3.416576421,1
blues.00066.au,161.4990234,80,0.37470972,0.11049626,2340.432873,2256.538115,4972.503265,0.121775152,-116.5174019,97.43027908,-13.88019079,48.96675901,-22.58224352,27.7539693,-20.22864953,18.63077043,-14.642884,8.473100382,-16.64465499,10.99819032,-13.86180078,9.735367422,-5.089488005,2.63463793,-9.883816293,6.159058835,-7.682607919,-4.852478817,1
blues.00060.au,151.9990809,74,0.430894125,0.19622159,1946.565652,1979.909934,3955.867746,0.097453681,-67.77097956,111.7041844,-34.64610469,61.33489585,0.050251668,30.56061363,-12.70172482,21.15956663,-13.1311449,16.28229439,-6.335244724,12.29583184,-12.47798835,1.681277903,-5.142068413,4.644001793,-6.919217465,1.040718341,-4.736870881,-0.660037066,1
blues.00025.au,92.28515625,45,0.290948435,0.08922226,1109.569627,1463.288131,2243.569767,0.051724933,-249.2819959,130.9979243,0.665435009,66.69611479,17.90589452,4.62295984,6.610036443,1.245375534,1.41917471,-1.584292524,-0.974159309,-3.575064543,-2.926914689,4.598685627,7.478114826,-0.178769574,-2.818857418,-2.667636366,0.751667098,-0.533179328,1
blues.00014.au,151.9990809,70,0.329162735,0.066980533,1172.065695,1705.817502,2344.952487,0.045045835,-305.7051872,113.0609114,12.11872261,45.03000324,17.76975937,14.57991675,4.166733602,0.225273155,-7.021746776,13.64427154,8.934528985,1.298478063,5.954477764,8.543866906,1.117663746,0.591558672,0.057473911,-3.712341583,-1.004448062,-1.802433851,1
blues.00093.au,58.72691761,26,0.377690445,0.065906294,569.930721,995.4071254,927.4277253,0.021700549,-350.4362044,169.5457525,31.82037204,16.682836,28.71014699,19.25697515,7.863395228,10.03676417,4.735106442,2.90746613,3.915552617,1.821689658,-5.970891627,-5.259567526,-0.22921075,-1.776850528,-3.713751193,0.181590195,2.072390115,-2.89622457,1
blues.00097.au,117.4538352,53,0.375158189,0.198281616,1236.57428,1602.309124,2604.15092,0.044625958,-148.6391734,145.7463112,-9.363638697,48.45377028,10.55743718,18.00643194,-2.626047985,16.95548949,-11.51266129,8.724416911,-8.164550812,3.230692524,-0.667059721,-0.727791088,-6.821160298,-3.942547253,-15.73937016,-5.604687665,-5.802769757,-0.048728947,1
blues.00040.au,172.265625,83,0.397724776,0.134891763,2272.495079,2356.855937,5108.319111,0.097657006,-110.2600792,90.70181195,-2.527486907,74.05327233,-11.74730064,39.21467143,-13.1718193,20.53527365,-17.16364137,12.82871271,-21.43357994,5.952405103,-8.033585673,4.239867717,-16.48555224,6.542502571,-5.69594348,-3.640864028,-4.856883647,1.854516431,1
blues.00096.au,143.5546875,66,0.260573779,0.05134932,1132.340629,1582.492047,2065.479177,0.048313767,-314.5828092,139.9267411,11.86585129,30.11331433,-7.549763524,14.91417902,-2.699562369,6.70792996,-6.391600672,2.819350095,-11.71541354,2.077479594,-11.44250148,-9.504389523,-15.18549486,-9.355572388,-5.672771474,1.564771999,0.890935739,-7.9603765,1
blues.00095.au,135.9991776,67,0.369972514,0.187148333,1388.394749,1772.85438,2754.52501,0.057147425,-130.5539723,139.9770993,-1.269146063,39.32365377,-6.351805686,19.76908921,-11.21304153,27.24610694,-16.5326656,7.031402854,-1.197161377,1.61175753,-6.628306543,4.952240321,-1.633326062,0.956659146,-4.840757296,-5.966955169,-2.782186921,-6.494001173,1
blues.00068.au,161.4990234,80,0.28993232,0.103115268,2513.716817,2345.230614,5247.443269,0.135146197,-113.1677733,88.70933416,-8.925342997,49.48749509,-34.58000748,15.86509054,-17.74437604,14.71409893,-11.20761584,15.36656408,-15.08172996,8.74878817,-18.63089896,5.474218053,-9.267429646,8.017964216,-9.55207437,5.873593846,-4.402835066,3.615348581,1
blues.00071.au,73.828125,35,0.305262178,0.120541789,2429.260934,2286.625281,5065.027706,0.134686638,-89.35790637,93.78605524,-14.57453769,54.39165392,-33.50837964,19.42099379,-19.76160055,13.02632019,-13.8659572,14.6077659,-14.96952599,10.58557066,-18.02693446,6.654246868,-10.20474701,6.527642259,-10.8467453,3.319423395,-6.189024384,2.994840594,1
blues.00080.au,117.4538352,54,0.368158238,0.242433578,1827.148036,1898.717124,3743.61903,0.094038736,-54.72768903,119.4731949,-34.84558258,37.52879271,-15.87404215,22.06843985,-14.65540389,18.51984869,-9.629923766,11.25599983,-11.72300494,11.53546228,-6.421255947,1.788087221,-5.874568806,0.370938726,-9.066487747,-2.02123164,-5.417519707,0.02424382,1
blues.00094.au,103.359375,44,0.376686703,0.14101781,1239.337228,1659.46647,2517.61811,0.050907855,-206.2784314,126.627468,10.58520484,43.22316786,12.50148752,19.42500199,0.357382241,12.73880823,-4.572330207,4.050817279,-4.413952821,3.659408618,-1.448480704,-1.695150183,-7.157463819,1.1711139,-6.221974597,0.60070259,-1.605094951,-0.528773855,1
blues.00029.au,129.1992188,62,0.280456455,0.124715231,1649.293771,2190.248306,3761.427255,0.052926362,-233.7245905,101.1835951,17.65027183,23.73435507,2.079372162,25.94029263,-16.9677095,15.09417308,-22.27878781,4.400507332,-23.20163672,-6.046127063,-5.065351166,1.073172689,-5.780491663,-8.305595504,-11.38634609,-6.7253159,-10.02770672,-14.03526912,1
blues.00067.au,161.4990234,78,0.337922169,0.12909627,2258.538419,2176.031189,4755.429578,0.112765002,-95.42442278,101.3686522,-20.68249653,48.65547563,-30.25863918,20.80252651,-18.30375829,14.13491654,-12.7875797,13.4337008,-14.07236658,7.723720643,-19.22414899,2.856371934,-9.809445015,6.911755575,-11.30316383,8.940704317,-2.959638893,-0.975428054,1
blues.00033.au,151.9990809,75,0.260668742,0.133164808,1430.582003,2075.602343,3246.730367,0.04196989,-239.0109149,108.6692178,34.14935029,30.24279361,-0.470996842,27.29651601,-21.38908541,14.15584685,-24.50563126,-1.876819554,-28.05226482,-11.25826339,-16.48410109,-7.636356815,-12.79629067,-15.35203115,-13.7322824,-7.400161033,-10.08395436,-13.28513959,1
blues.00001.au,67.99958882,34,0.340983162,0.095918424,1529.835316,2038.617579,3548.820207,0.056044257,-207.556796,124.0067172,8.930561659,35.87468448,2.916037722,21.52372484,-8.554703082,23.35867245,-10.10361636,11.90374352,-5.560387184,5.376802045,-2.239119328,4.216963081,-6.012273272,0.936108547,-0.716536847,0.293875173,-0.287430665,0.531572923,1
blues.00098.au,123.046875,59,0.442972306,0.125422433,2310.280604,2206.710936,4829.320798,0.128425905,-90.67748533,100.0931325,-23.91626687,52.58112451,-20.91639176,31.49415467,-11.20332918,20.08538223,-10.90922007,17.55622918,-14.09252534,12.98806679,-11.41539164,2.906068828,-12.01291414,4.822584651,-11.15667354,1.15921044,-3.913955866,3.250426841,1
blues.00087.au,172.265625,79,0.336773093,0.158098042,1442.190271,1870.534155,3083.414688,0.050889337,-155.5049307,125.6388571,1.596554065,45.8045225,0.900779402,25.36756349,-10.78749602,15.56638031,-11.92046779,1.264440356,-6.649819496,-0.792893627,-7.748056922,0.413547825,-7.030261896,3.997678135,-6.25661173,0.958226194,2.019821806,-5.742188843,1
blues.00083.au,135.9991776,66,0.427294376,0.251263112,2314.748479,2261.694349,5036.169547,0.117950534,-19.86714999,98.89780765,-24.47780978,49.59175874,-16.20219314,30.20445627,-18.02930065,27.5621453,-11.4053387,14.88330138,-8.911967522,11.67480339,-10.88706124,9.315449243,-5.83309084,9.261364302,-4.050388375,3.25589882,-3.466851895,2.380785185,1
blues.00055.au,135.9991776,63,0.432836127,0.157825679,2032.094987,1976.298014,4023.52567,0.113166738,-98.67475288,104.7954128,-35.1095647,60.70162754,-2.831404205,22.23679389,-7.836520625,19.0300446,-11.58136572,17.02094986,-5.386073799,12.20205493,-9.961466777,0.357867748,-4.265253484,6.134886862,-4.830016484,1.503692399,-1.491253867,3.509777175,1
blues.00077.au,99.38401442,45,0.408875618,0.243217394,2206.771246,2191.473506,4657.388504,0.111525781,-29.01099041,104.5329141,-30.97420733,38.15639212,-7.991166727,30.88857057,-20.59783069,25.82910608,-12.95356354,16.9414852,-12.26539325,10.78645369,-10.55881239,6.877709433,-10.29485759,6.967845409,-10.25609959,0.705013954,-6.000722017,1.348955186,1
blues.00076.au,117.4538352,55,0.365575303,0.219079927,2645.681661,2426.198512,5612.507729,0.136468563,-52.69306053,74.43028376,-18.69243672,56.3238728,-3.939687508,31.97183857,-16.45963824,22.40939979,-12.25782886,27.21674585,-9.233178155,7.792498608,-10.56192625,6.946956339,-9.127866735,13.02009076,-9.854002335,3.689459515,-4.947725954,4.42606577,1
blues.00049.au,123.046875,59,0.277483502,0.088606924,1318.656822,1904.761177,3046.681577,0.039972925,-255.965774,110.8230464,21.50521511,67.57123261,4.299803691,43.10545616,-4.507724738,10.42353278,-8.69432712,1.658149333,-20.59315483,-2.442928914,-7.130864679,-11.16391677,-12.60940783,2.742009426,-8.948849379,-7.940728065,-2.34415662,-0.705606234,1
blues.00011.au,161.4990234,81,0.36713747,0.065712959,1353.260462,1757.230941,2882.224238,0.043958918,-287.9149646,123.9800641,5.459753809,33.67808858,1.091916977,14.70446997,-4.89855194,8.654900477,0.784048866,6.570926677,-4.878657789,-3.180865888,-5.55642033,-6.78962654,-2.644639572,-2.984926953,-3.38520149,-1.856390012,1.836150677,-4.897419816,1
blues.00048.au,123.046875,58,0.379427677,0.123986073,2148.786199,2204.574064,4673.663406,0.098812328,-106.3110322,102.6309533,-20.15512486,59.36037386,-9.954544235,33.6891826,-14.17039981,23.5100006,-13.31406825,16.0142855,-18.91698107,7.821362972,-7.788121903,4.047836057,-11.34093939,2.060218228,-5.739425851,0.464256723,-1.909088902,-3.128307765,1
blues.00053.au,103.359375,50,0.412500764,0.168357968,2171.221742,1954.383785,4237.132712,0.132802296,-76.7179593,105.7535297,-43.18175544,60.94585045,-8.758631037,21.22707895,-12.8648456,18.60384403,-11.38493864,14.54176618,-6.047970457,12.72695912,-9.366809394,1.350859246,-3.609972297,6.99760852,-4.053007598,-0.271426782,-3.696091569,-0.504041438,1
blues.00064.au,78.30255682,37,0.332479591,0.117412768,2553.232415,2280.128669,5148.102203,0.14685172,-85.15025014,88.80672183,-16.32261109,59.22451606,-35.99024194,14.38572993,-22.3086123,9.647323007,-14.82033857,11.17799659,-14.80445689,8.478452589,-19.5902255,6.413210324,-13.77966726,6.112036566,-13.1546438,3.933455897,-7.615453547,3.752625581,1
blues.00051.au,99.38401442,49,0.393755548,0.196722925,1977.172377,1927.803692,3942.834492,0.106627095,-55.57924338,114.9358479,-37.05283085,64.89651335,-7.139352961,15.23838491,-16.22261541,18.63080904,-9.745891982,21.460042,-5.641415513,12.78231677,-16.52868092,3.793787703,-7.890870106,8.477609158,-4.065209517,3.207440813,-5.178250488,-1.279523676,1
blues.00013.au,107.6660156,52,0.264615866,0.113221161,1324.304356,1827.737535,2710.033613,0.051417301,-209.7892658,124.4584492,10.31038038,47.01800569,6.510237682,15.40544917,-1.992709614,6.717405084,-21.55419303,10.72171608,-5.524965331,-2.205935128,-3.038192206,8.645515807,-0.304229969,-0.637743824,-2.939884844,-1.705922782,-1.769589583,-7.762957959,1
blues.00045.au,129.1992188,65,0.42951088,0.148365647,1739.019621,2290.401739,4551.155813,0.048051864,-163.2111411,89.79104085,12.97925648,80.69127283,3.660786589,39.74197618,-5.403829844,26.50049576,-13.16073895,2.710211419,-20.55235429,6.008638715,-2.910059391,-0.434612871,-17.54547369,4.154533096,-5.990226378,-7.860422978,-8.565095958,1.857710812,1
blues.00075.au,117.4538352,58,0.466435909,0.192153707,2225.216647,2255.195005,4703.188227,0.108586645,-86.35233803,92.67524457,-15.37740712,54.05977702,0.883208639,31.56392771,-14.61539922,23.32006585,-14.97542064,15.33582423,-7.047201621,12.18127253,-6.097625448,7.025420264,-5.805348222,7.432128471,-6.075142762,3.382991001,-4.276934184,1.238193206,1
blues.00082.au,123.046875,61,0.338896086,0.251350194,2141.461656,2168.01556,4627.997015,0.105151292,-29.36209286,108.6679501,-25.57316485,38.42946989,-18.32509084,21.78109568,-25.16165743,22.38704839,-17.60412666,14.66011923,-12.07850604,5.456503987,-7.687712606,7.410599664,-11.31917691,7.229288382,-9.466552123,1.930058848,-6.328475554,-1.304812373,1
blues.00091.au,63.02400915,29,0.421921879,0.099404693,991.1644175,1396.523686,1943.121584,0.036052692,-236.3609885,161.6974159,-1.135944007,27.27111808,9.595981745,20.60488505,0.241901378,13.79056647,-0.495927151,10.18213813,-4.452853651,5.509446463,-3.713326023,-0.89549642,-4.900800964,-2.866824801,-3.761341711,-3.345708046,-2.410349867,-3.780144727,1
blues.00035.au,129.1992188,61,0.28833021,0.173407495,1506.979392,2096.637631,3404.796078,0.045430186,-171.7860637,120.2802331,15.33658088,21.09728061,-5.410020841,24.19247476,-24.14030895,18.54532486,-22.35298736,1.302639764,-20.76129345,-4.984545167,-17.11959527,-7.89807627,-15.32115835,-9.350151077,-8.906130248,-8.516965254,-14.3300108,-19.93520289,1
blues.00057.au,92.28515625,43,0.424283631,0.175920352,1886.683619,1913.224623,3828.101852,0.08992387,-92.74798144,115.3395272,-35.06427174,57.86155689,1.845091075,26.61661143,-14.55245329,22.13325465,-8.209146077,11.01595096,-5.643600363,7.277173917,-10.2059734,1.332175321,-4.105897396,0.978302498,-6.553786837,-0.682512074,-2.126826495,-1.518243235,1
blues.00016.au,198.7680288,96,0.304322196,0.081461444,1455.001672,1825.885415,3009.8568,0.061350725,-233.7636134,120.6735103,-3.171084847,39.54099418,3.857456385,18.8404291,-3.691825142,4.43185386,-14.97804442,17.56764995,1.840066319,2.537328781,-1.24045472,8.439245631,-0.210691659,-3.906119519,-4.478782905,-0.012436775,1.293613668,-2.08479633,1
blues.00037.au,123.046875,54,0.248627402,0.069145128,1188.168337,1682.86015,2339.635853,0.048160329,-328.6737928,102.6968735,19.87606364,26.73125702,7.158257714,22.71664301,-6.956796509,12.80435209,-10.70874844,-0.4193489,-12.36397563,-8.897177477,-9.238519262,-9.109326211,-9.003835777,-7.640766615,-7.190915716,-9.368476571,-4.470060256,-3.688800211,1
blues.00050.au,135.9991776,63,0.40085973,0.182379857,1945.848425,2082.246626,4175.874749,0.085805982,-82.97902287,107.0521127,-25.32045326,57.12499467,0.085438585,34.69680382,-11.04202152,20.53269762,-11.21317757,14.83412613,-10.22933434,12.53958203,-9.762304045,2.562253491,-6.300853275,2.996784798,-8.718455528,-0.326581302,-2.980347305,0.712600612,1
blues.00046.au,123.046875,60,0.387851212,0.10258235,1912.506881,2361.474653,4776.862782,0.058425951,-182.6382908,90.67679749,14.11908488,67.54982641,2.693213817,38.43052857,-8.410898355,24.12744626,-13.78199067,4.835996283,-16.68203086,5.811708476,-5.14953343,0.192984365,-14.48076226,6.86288377,-4.442362143,-2.98688887,-4.816248176,5.400324815,1
blues.00002.au,161.4990234,77,0.363602838,0.175573036,1552.481958,1747.165985,3040.514948,0.076300748,-90.75439379,140.4599069,-29.10996529,31.6890144,-13.98703601,25.75476116,-13.6495859,11.629271,-11.78058891,9.70644235,-13.12311144,5.789264865,-8.905224434,-1.08371999,-9.218358897,2.45580523,-7.726901333,-1.815723851,-3.433434272,-2.226821441,1
blues.00038.au,86.1328125,38,0.265883177,0.168144986,1513.422107,2140.606779,3449.67914,0.044378039,-192.6671869,111.1907745,21.37272314,26.39834101,-0.646121835,23.48673626,-25.46455116,16.93773145,-16.97705476,5.788635602,-25.73020617,-5.04472669,-17.63181978,-7.921687072,-15.15240403,-12.34254562,-17.22776515,-7.77172777,-13.03396062,-17.94575,1
blues.00006.au,71.77734375,36,0.291308002,0.141795814,1459.078483,1388.913312,2795.616429,0.073027903,-190.1494699,130.296951,-36.34413831,33.01305036,11.10693553,-0.615158307,-20.86200954,0.270091124,-6.489759729,-5.517093201,-7.840327992,-3.125678352,-6.593118172,-9.942267639,-6.537223947,-10.06475467,-10.91217123,-6.972478915,-3.44903336,-6.495510607,1
blues.00003.au,63.02400915,28,0.404779002,0.141191185,1070.119953,1596.333948,2185.028454,0.033308944,-199.4311444,150.0992178,5.647594316,26.87192745,1.754462574,14.23834423,-4.830882173,9.297965261,-0.757741166,8.149012191,-3.196313537,6.087675943,-2.476420489,-1.073890395,-2.874777409,0.780976293,-3.316932191,0.637980873,-0.619689823,-3.408233245,1
blues.00043.au,129.1992188,64,0.399025482,0.127310634,2155.654923,2372.403604,5012.019693,0.087165384,-109.1653551,100.6215001,-8.614720855,47.35847504,-6.555959814,39.61361488,-8.518134349,29.56467247,-16.57596153,13.16563437,-24.20979343,6.585774058,-8.642620995,4.9122586,-15.44280377,1.538750366,-6.732474384,1.41777407,-3.96175047,3.287460268,1
blues.00092.au,83.35433468,39,0.391009887,0.063084655,918.4054527,1437.609189,1599.67366,0.032318021,-332.482336,128.0429224,28.93669219,41.82835318,31.28125031,23.35307739,5.81631003,8.992064663,-3.846627233,3.733483613,-0.858986722,-0.424217466,1.495610236,-1.555773816,-0.837087137,2.156455239,-3.899822729,-4.198856852,-5.930101938,-3.434428579,1
blues.00034.au,184.5703125,92,0.262248464,0.135938987,1536.783076,2157.1381,3601.028225,0.045700404,-217.2112174,105.7911755,15.61861388,25.26306031,-1.43799814,30.19539489,-17.71364289,17.32149949,-27.20954,4.33982853,-20.06342933,-10.69590481,-14.22488229,-5.156212417,-3.471578247,-6.184278702,-15.32531986,-6.845779164,-9.828355215,-13.94139198,1
blues.00005.au,69.83741554,34,0.302346427,0.103467584,1831.942368,1729.483241,3480.937285,0.09403987,-177.8690482,118.1969162,-17.55067264,30.75863456,-21.74274602,11.9038018,-20.73424857,3.180597272,-8.583483732,-0.936487501,-11.77627331,-2.420614626,-9.339364687,-9.939324892,-3.909892093,-5.570624715,-1.839023212,-2.778421089,-3.046866149,-8.115809022,1
blues.00069.au,78.30255682,39,0.29188439,0.116569929,2371.099278,2209.699346,5004.111407,0.125140967,-121.4088446,96.10607986,-19.61325492,48.01165385,-38.79870019,24.74675032,-32.93358791,8.099362394,-17.79816687,6.109449206,-19.98654303,6.793615959,-19.33388207,-0.114446633,-12.25043312,-4.927438149,-10.40958054,-2.049565855,-1.768210771,-3.962158615,1
blues.00023.au,184.5703125,92,0.280714294,0.102001555,1210.197917,1497.822809,2522.101416,0.052482676,-227.264777,137.76237,-14.50045911,63.55687667,5.626699442,11.9615892,1.906221125,-1.880767556,-7.609112696,-2.470594724,-2.884145475,-9.432814718,-10.91691457,3.56943591,4.139583174,0.092946422,-2.972927882,-1.376939986,7.550498683,-3.032518462,1
blues.00086.au,123.046875,60,0.365864946,0.124990903,1245.609395,1634.415029,2517.684776,0.048826613,-212.7903678,139.0573658,9.45922094,35.44129443,12.71755733,20.41384521,-5.570223439,10.88577878,-8.735100629,8.054606209,0.16672753,2.640717599,-1.025016308,-1.406931934,-4.704801604,1.138613257,-9.472101023,-2.187313612,-4.100536665,-3.352783704,1
blues.00008.au,83.35433468,40,0.409037128,0.142438099,1719.213163,2031.643884,3781.318802,0.06402758,-121.3610235,122.5131158,-14.74212969,46.14344435,-8.165333685,20.17652623,-19.17247842,23.05561674,-11.83050252,21.17700883,-6.721190455,7.01094493,-12.74183302,5.066004868,-5.175477933,-1.444024596,-7.037070159,2.697451184,3.409808579,-2.698352833,1
blues.00072.au,103.359375,50,0.306928315,0.103913926,2595.538006,2519.296119,5660.407439,0.129245628,-118.6652313,87.6009601,6.563413946,45.09428661,-38.90345069,20.81596869,-26.85298964,13.79171034,-17.23416056,5.104991338,-15.70542154,3.978413123,-27.5423085,3.050489123,-15.9469737,10.86855986,-12.6469664,2.820747796,-13.3370952,-4.37553899,1
blues.00007.au,92.28515625,45,0.307921016,0.131785482,1451.754147,1577.369917,2955.348796,0.061435003,-179.3954468,136.4592443,-26.65635893,39.98802679,5.289679319,10.92442691,-20.56188911,8.513764279,-11.3569082,-3.469077424,-8.414554364,-6.954826968,-3.544535424,-8.0512422,-8.959536716,-8.424337148,-10.55888491,-10.78815895,-4.69374852,-8.638613352,1
blues.00078.au,123.046875,59,0.414188465,0.258052379,2333.685108,2227.425609,4942.811778,0.123863197,-2.524338532,101.252715,-33.92438501,41.51689081,-13.80499643,31.9198719,-21.86482126,24.45844111,-15.88097971,15.78935429,-14.36665632,12.50660824,-13.36882299,6.11281731,-9.06589067,5.033773228,-11.33027759,3.166533703,-4.56759147,-4.033622763,1
blues.00084.au,112.3471467,55,0.396258316,0.235238001,2061.150735,2085.159448,4221.149475,0.113396896,-38.96594077,112.0398427,-31.81703513,38.24083517,-6.320413491,23.33153744,-18.77845593,23.93179557,-10.93610769,13.23385132,-14.3812961,13.32704877,-10.92160185,9.795614616,-5.031276931,7.20098201,-6.754969137,2.663611618,-4.380429791,0.414054707,1
blues.00032.au,143.5546875,70,0.276317163,0.101233549,1309.424564,1882.919367,2764.099953,0.039393186,-288.8017131,105.8996169,18.7913203,23.6884905,5.705110927,25.54915593,-13.4672056,12.42473346,-11.94381907,1.575499058,-15.63626271,-6.665246966,-11.71880042,-2.952338303,-7.380499911,-15.69358932,-10.95854767,-10.877396,-18.50418761,-19.1107415,1
blues.00044.au,135.9991776,66,0.390211759,0.136276096,2279.124558,2375.10212,5198.360233,0.092570491,-109.5092855,86.92240576,-8.607985946,64.49455744,-6.304126355,43.63951502,-8.286753259,28.54610879,-14.07979296,8.125039716,-21.49140138,11.08748018,-5.085793671,3.976359408,-12.85974129,12.34385742,0.026216941,-0.741569724,-5.12661929,3.30344056,1
blues.00036.au,151.9990809,75,0.233230366,0.197817639,1247.244815,1908.052722,2620.592487,0.036903783,-200.2207318,116.3451808,18.06078515,25.2888194,0.315825212,24.17677788,-22.22307983,11.18314558,-26.84191286,-7.64365604,-24.87203561,-12.01528497,-17.00924229,-8.115376344,-11.95901351,-12.61797675,-14.18778121,-8.204475515,-15.02476944,-10.32215011,1
blues.00039.au,117.4538352,43,0.255320771,0.085867926,1151.340441,1709.193938,2312.577683,0.035338789,-301.6862744,111.5392093,21.89565681,16.14559049,8.191590226,22.085966,-8.613638775,1.491923585,-17.07451959,-8.337533128,-17.01128734,-10.57288157,-15.68701841,-12.59877282,-12.24566056,-14.54306541,-10.09230032,-5.780286286,-7.77604869,-7.186642527,1
blues.00052.au,151.9990809,73,0.339075484,0.098909535,1443.265285,1670.369919,3069.35644,0.067193849,-225.2697354,117.6458915,-14.54375676,64.80435919,12.92746732,19.0299639,10.68454797,9.88466135,-2.385687917,11.68836165,1.542958869,3.050155002,-7.630155704,-8.957813515,-4.35259403,-0.062078838,-2.55421905,-3.437579355,-3.866575031,1.316515037,1
blues.00041.au,129.1992188,62,0.386950474,0.129172012,2390.772194,2463.394088,5403.783991,0.102288875,-107.1615375,88.46617381,-4.174954747,55.48419871,-8.007365403,38.4156662,-6.399442836,28.57448336,-19.82057869,13.24709642,-19.24185157,12.0728029,-4.580049185,3.791740464,-16.99106368,11.62459119,-7.360204069,-3.657302511,-7.177438272,1.977192267,1
blues.00042.au,89.10290948,43,0.377519085,0.111001439,2302.113047,2367.695875,5188.551959,0.097864488,-159.544999,69.77960903,-4.39641962,76.85395431,3.920528343,45.1731777,-4.866253983,32.20197639,-9.796956619,7.811904935,-21.82759705,9.683709852,-2.589124489,3.307305931,-14.96698265,10.23580995,-4.084133497,-5.850184793,-2.474234263,6.650417593,1
blues.00021.au,99.38401442,49,0.321084793,0.101159468,1046.74884,1480.933764,1830.788929,0.047937352,-264.6983987,138.8559766,11.18648591,48.52034173,14.91517846,20.57282563,3.207814515,1.247170972,-15.84640812,15.98690918,3.368813996,-1.520128585,1.894726572,6.325552202,-0.986607128,-2.412860346,-3.683063112,0.496944926,5.046816378,-0.780009493,1
blues.00085.au,143.5546875,71,0.315362933,0.150217772,1312.308199,1673.915613,2638.117381,0.059416496,-180.1235962,131.4202586,0.566188269,43.15292883,14.13518646,25.62855495,-5.313080143,12.04028956,-13.5368408,-1.090993328,-7.605674828,2.718054178,0.772588519,1.997588434,-6.093858142,3.48404195,-8.341479094,3.204648256,-0.926943584,-2.243686326,1
blues.00074.au,112.3471467,54,0.367157178,0.196956158,2515.864861,2531.449159,5771.631766,0.120916124,-56.00446009,87.83711005,-1.598438383,41.20678799,-5.615634285,27.78226185,-24.00033548,21.76587735,-18.42797418,12.32417692,-13.71741702,11.8490502,-3.977553187,7.098089372,-4.4654079,5.120333167,-6.648911217,5.869997401,-3.696436464,-1.9659807,1
blues.00028.au,103.359375,48,0.275974293,0.099695541,1115.729116,1398.954704,2290.444483,0.048028432,-248.9676535,139.0384586,-16.24923784,57.09811707,20.19635867,10.16056388,4.58017719,0.339814461,-7.867881533,-3.466306497,-2.640628682,-2.844094445,-0.893325341,-2.401651059,2.57272092,-5.873962269,-12.40827457,-7.301891785,-0.932404919,-2.699272722,1
blues.00024.au,103.359375,51,0.263128588,0.086981654,1120.387619,1447.839934,2325.102607,0.0472979,-274.2887845,130.4174235,-6.394799564,70.41067978,13.26585719,9.46310482,7.723188785,-1.245347279,-0.575019932,-2.299992443,3.783482366,0.08091478,-0.939682246,2.295373017,4.290512408,-1.661926028,-10.44482479,-6.797826093,-1.068164465,-1.596130304,1
blues.00047.au,151.9990809,65,0.336454382,0.112245128,2013.382437,2310.305516,4849.495676,0.075344971,-149.9517014,93.62947982,6.343454384,71.51194573,-8.107514099,36.20725255,-9.776674486,17.63980628,-21.11580046,-0.137307143,-22.19928428,5.430453035,-7.462271218,-4.335877371,-12.40164114,9.624599614,-5.014184844,-3.704145518,2.342510522,4.161077271,1
blues.00017.au,172.265625,81,0.302096285,0.093281545,1088.698166,1410.947954,2134.412094,0.048323971,-245.7564282,140.4859276,-2.764771944,60.43620732,18.93794557,9.833542166,3.563888695,0.532686317,-16.37223959,6.630079272,7.268407751,-4.008892641,1.60825383,5.899378513,-3.022785164,-4.772990341,-3.025786801,-1.993939019,-0.055458803,-3.975349754,1
blues.00015.au,99.38401442,49,0.270312561,0.080653198,1420.529293,1731.192252,2930.540613,0.06371768,-238.5189671,120.0845701,-4.227885749,42.30707219,5.920908396,13.91916098,5.361617794,1.901834048,-16.93320308,12.34527432,3.947014894,-1.384822375,0.021880198,3.586694338,-4.50395221,-5.542268718,-6.888212092,-4.82814199,1.735005806,-1.888814568,1
blues.00070.au,143.5546875,72,0.322734169,0.106164381,2159.546654,2130.376826,4685.04667,0.09834899,-133.0159814,105.7226899,-22.13897319,41.81862045,-26.98873841,19.12245007,-26.56639645,19.23980519,-15.33208604,6.986051993,-10.81320603,6.791204872,-11.72709213,4.397389536,-6.039440775,1.96611379,-12.32032356,3.253893293,-8.809824051,-3.37992039,1
blues.00099.au,92.28515625,41,0.370278651,0.105060823,1538.817338,1703.507382,3175.272466,0.074799245,-177.165864,136.2215941,-26.91518139,36.37628987,-18.76082839,20.9096326,-1.778092087,3.0130118,-5.600873481,5.63846787,-8.117090854,5.642527763,-10.79022752,-2.416264074,-6.943610509,-2.507238487,-5.203642449,-3.40766122,-3.246502175,-2.681820504,1
blues.00000.au,123.046875,61,0.349943197,0.13022463,1784.420446,2002.650192,3806.485316,0.083066391,-113.5967422,121.557302,-19.15882457,42.35102876,-6.376457094,18.61887471,-13.69791086,15.3446302,-12.28526575,10.98049082,-8.324323401,8.810668332,-3.667367432,5.751690395,-5.16276137,0.7509466,-1.691937255,-0.409953693,-2.300208093,1.219928131,1
blues.00089.au,107.6660156,51,0.348553476,0.052862491,798.2661856,1285.20124,1453.882875,0.025639679,-347.016941,139.2704823,24.17441875,22.19382342,18.69571207,11.665297,9.036069116,6.951592555,-2.015198863,5.426169145,1.675913476,-2.349583112,3.197295125,0.688728392,-3.091588313,-2.107178684,-2.213318462,-4.577963047,-4.726822906,0.066003051,1
blues.00079.au,78.30255682,38,0.421494538,0.270870328,2443.298208,2358.443293,5267.601481,0.124735451,-3.528043319,92.91431753,-25.11040055,45.17769957,-10.86185922,31.85436192,-18.04933213,28.61951037,-10.22403326,14.66693066,-14.89971364,14.74299501,-15.6006662,9.548171711,-14.78873519,2.067855622,-13.8211327,3.563616147,-5.965994839,-1.649997903,1
blues.00030.au,151.9990809,71,0.263016104,0.170081377,1379.081742,2004.00085,3015.831764,0.039375801,-206.9875896,117.7814676,23.25624501,28.29406821,-1.099597861,18.86493903,-21.95371125,17.85511754,-25.58335725,2.128551726,-17.78905399,-8.015466745,-17.61634166,-8.138553789,-8.646157175,-15.53898755,-15.33150601,-9.664871578,-10.10331037,-17.83509995,1
blues.00073.au,99.38401442,48,0.341865036,0.259713769,2094.91942,2158.335963,4482.447895,0.100569687,-30.09457067,103.7322892,-19.75423989,56.40476967,-12.71098994,20.1880024,-17.34038086,16.29243456,-18.43959952,8.924175007,-11.64801592,11.21347195,-8.842511117,9.090302099,-3.579251824,4.372714325,-2.830806818,4.725088883,0.485058016,1.475954722,1
blues.00090.au,143.5546875,69,0.377687767,0.131890103,1613.315725,1972.202261,3470.404015,0.058235853,-177.4907609,115.3461033,9.969872543,54.0513286,7.616936075,28.31429865,-9.058337879,20.05525763,-15.04501584,6.224081805,-5.689818347,1.384242361,-5.837235272,5.016451917,-0.748612351,5.065468045,-5.084879482,-2.795500013,2.435524056,-5.375209219,1
blues.00088.au,172.265625,83,0.377977327,0.142048702,1006.758962,1530.437061,2074.679121,0.032065566,-194.2545405,151.857147,-1.197269937,39.1980646,16.5816114,18.25757716,-1.396668244,14.88366454,-11.61761352,2.451709712,-5.080099752,3.946018568,-0.900450079,0.638456267,-8.354743807,-7.515804974,-8.049328963,-5.410957376,-2.535688075,0.128512244,1
blues.00061.au,129.1992188,63,0.451905326,0.141766369,2504.026852,2180.438691,5077.152632,0.167584399,-82.45470632,94.14776275,-27.12091658,75.65509963,-27.50995139,35.57621288,-20.27853822,25.10920079,-15.36231018,11.32974173,-13.39863657,8.139763249,-8.494856994,8.283360585,-10.34654872,-3.462061096,-5.223507773,-2.595848108,-8.363732732,-6.978242867,1
blues.00065.au,107.6660156,52,0.292729902,0.100359581,2816.676938,2372.164643,5614.449384,0.146318465,-118.3335107,74.8538519,-19.85836891,46.9415849,-32.54969923,23.82716754,-26.36183571,17.68526348,-13.81125464,11.94149837,-17.87651632,7.544859675,-22.88893643,4.759724017,-12.79163036,5.608855186,-14.72510991,6.684452421,-9.159456439,-2.243775561,1
blues.00019.au,123.046875,52,0.257259335,0.09767247,1195.41164,1481.284259,2234.878153,0.058871148,-236.6653402,138.4090571,-4.903461529,47.62458246,5.179255781,8.879489246,0.507105478,-3.818273539,-14.97752029,10.42042597,-0.351181644,0.77782937,1.77730615,4.235422613,-0.463350715,-6.10569345,-5.382381961,-1.337586248,-3.71971745,-4.353154157,1
blues.00009.au,80.74951172,40,0.274009231,0.081352018,1817.516386,1973.73907,3944.451148,0.079215318,-213.1808031,115.1527937,-11.71626441,39.02947022,-20.35275538,13.08240382,-9.173480965,9.01614795,-14.09791352,4.278177139,-6.039593544,3.784770211,0.225668547,-5.11363841,-0.413063347,-1.184538344,-1.920714308,-2.293728469,2.891266393,-4.233204324,1
blues.00018.au,83.35433468,40,0.269929297,0.079672717,1537.657183,2054.779113,3495.653862,0.056131936,-252.5339856,104.9274851,15.35357798,42.65663789,6.778398708,21.61889402,-1.299683376,5.684368709,-16.61465721,12.16609362,-1.953307905,1.960557101,-0.881434762,7.778604161,2.390254535,1.774140127,1.339317179,3.630698756,4.910860145,-2.651944267,1
blues.00026.au,83.35433468,39,0.278484462,0.076970495,1198.607665,1573.308974,2478.37668,0.051987592,-284.8195038,108.7856277,9.131956126,51.25903,18.1112561,7.621316894,8.781746681,2.372426026,0.011786518,2.250416762,4.200278029,-3.303734631,1.601560712,2.660516563,3.323454744,3.258919759,-4.551105989,0.493844974,5.937065626,3.231544282,1
blues.00020.au,135.9991776,67,0.302732316,0.075386867,1389.95551,1911.485152,3005.773491,0.052560151,-230.4130179,127.0941858,7.151100103,39.78209007,1.951132202,17.41168872,-5.625576371,8.252521186,-18.10535323,13.83934295,-3.76358507,2.561243209,-4.329452414,6.817760472,-6.157659391,-6.214758363,-4.515433801,-1.850599721,-0.539056139,1.508026381,1
blues.00027.au,92.28515625,45,0.288721001,0.095768176,1391.36771,1494.892439,2811.108002,0.072358973,-228.2279847,130.3535489,-23.29761841,70.17366181,1.13706044,7.609717012,0.91500838,1.989319695,-6.161289542,-9.390745402,-2.566142467,-4.523861097,-0.266734137,0.181102491,-1.513057235,1.460950447,-6.976430898,-8.318998845,4.241006548,0.979681894,1
blues.00010.au,161.4990234,79,0.303954489,0.142939135,1410.469096,1512.620983,2767.274933,0.062980723,-173.7075137,137.1564,-23.76651669,26.98936979,-16.66842036,4.198449426,-12.56662937,5.834842541,-2.881735712,-1.208681184,-1.965735861,1.80053478,-2.988374412,-1.869388682,-0.800155411,-3.023782463,-0.445196069,-1.998228111,-0.743598864,-4.98611249,1
blues.00059.au,107.6660156,54,0.405961416,0.16998747,2235.906951,2100.004335,4390.031787,0.142288255,-86.22530843,91.94844562,-23.40865997,68.25329393,-3.895873631,22.74526394,-9.899614717,16.89597896,-11.39753032,18.43167712,-7.015263492,10.77105475,-11.93868557,1.005815138,-5.923496156,5.318165538,-6.140526295,1.948990958,-5.102755105,-0.666248019,1
blues.00004.au,135.9991776,66,0.308590128,0.091563217,1835.494603,1748.362448,3580.945013,0.101500142,-160.2660312,126.1988004,-35.60544845,22.1533011,-32.48926973,10.86451213,-23.35792857,0.503116736,-11.80583116,1.206804106,-13.08382034,-2.806384649,-6.934122214,-7.558618519,-9.173552251,-4.51216586,-5.453538244,-0.924161636,-4.409332528,-11.70378126,1
blues.00063.au,92.28515625,42,0.330237548,0.09632621,2839.453119,2444.144011,5711.257131,0.154355832,-129.086269,72.10388943,-7.749275284,49.2519718,-32.7115068,21.59778592,-27.36331924,14.99189874,-10.24707212,12.42476046,-17.03021878,7.106393505,-18.0094848,2.922716845,-14.47679418,4.054748021,-14.53060527,7.253354725,-8.201505233,-2.006035207,1
blues.00054.au,89.10290948,44,0.452728355,0.200888529,2030.485224,1987.320416,4062.942099,0.103385996,-57.97879223,108.9891115,-36.20019724,64.03285673,1.45468244,26.30075192,-17.4702249,20.42356385,-9.526500348,18.17187004,-6.047028764,13.86262523,-11.28712323,4.663285943,-6.388997599,3.213774942,-8.078659407,-1.723661948,-5.422674765,-2.582366169,1
blues.00062.au,112.3471467,55,0.31178045,0.106240049,2279.895453,2119.726057,4732.338051,0.117148951,-144.9679223,95.72647689,-21.59864849,49.62574588,-29.8847458,29.35317032,-18.84448775,17.8775813,-9.666900085,5.505879051,-9.546326632,6.365178666,-21.0838788,2.452763678,-9.533539249,-1.422650408,-9.327805558,5.136749813,-8.103219343,-2.445026983,1
classical.00091.au,92.28515625,44,0.223738306,0.044745713,2192.798091,1911.986037,4066.467077,0.152437854,-251.3134501,88.72515249,-41.76719192,37.91978423,-12.02397328,21.63785116,-5.854144967,25.7257307,-5.196482459,14.30096272,-7.56134484,10.4695011,-4.921158339,5.283192036,0.30772699,3.319732853,1.261332597,4.767062965,-2.076303123,1.128966959,0
classical.00037.au,161.4990234,65,0.284173046,0.041551378,1534.064978,1464.710723,2838.224504,0.093952191,-275.3462661,125.3112864,-41.04367076,24.59054022,-4.767962784,-4.266322341,-14.99946053,-5.051127747,-4.991537858,2.468480642,-10.88641918,-8.020301759,-5.15505972,-4.618426901,0.714934934,6.51770314,5.906553006,2.6838133,-2.032034931,-8.060385683,0
classical.00071.au,143.5546875,69,0.208112888,0.051705267,1396.824265,1574.218758,2615.059187,0.075857062,-269.6653552,136.4838676,-25.01260032,26.39067766,0.675732213,-5.381545124,-1.120897739,-1.510784726,-0.155944993,-3.779258283,-9.279790196,-3.146819148,1.640977603,0.676200734,1.898460689,2.231276731,-2.128317038,-3.663708599,-1.074119871,3.530190396,0
classical.00056.au,95.703125,43,0.312899541,0.189936608,1680.088264,1706.919816,3077.806389,0.096725795,-81.10374221,129.102791,-42.53853885,33.17805943,5.659307589,-6.40216612,-2.265059963,7.372704038,-18.71864119,2.500882521,3.786016018,1.934638398,-10.06649314,0.944549984,-3.573205836,-6.16834895,-8.033390851,3.77587471,-5.029608595,-0.853512484,0
classical.00047.au,123.046875,62,0.258572289,0.00949774,1173.658308,1517.285384,2082.504074,0.066325374,-436.8371648,154.1459674,-19.88185159,20.1942163,3.159222913,0.44480807,-6.536028794,-4.605622058,-10.06033707,-6.152646994,-4.532687773,-2.783274792,-5.234963212,-7.386918213,-6.992791793,-3.20048992,-0.358716479,2.217816996,2.568618353,4.471459545,0
classical.00078.au,67.99958882,24,0.225211979,0.006632959,715.1893205,1029.991545,1037.285394,0.041293401,-552.0640633,173.3987032,26.35576659,14.11461398,7.252555006,-7.087655383,-5.856010476,-10.34017308,-11.01861778,-9.193639101,-8.826016359,-4.9292071,-3.650469809,-4.280855956,-3.457496571,-4.820615504,-5.68252902,-6.550562825,-8.210965812,-6.453841243,0
classical.00019.au,95.703125,47,0.284017623,0.007993123,1184.632142,1525.044737,2289.452823,0.057591488,-475.8490664,141.5205827,-8.481039752,33.99667653,0.530630255,6.045521913,0.025261497,9.534500449,2.161829331,7.085843516,-8.051203531,-0.101292674,0.793869651,3.873308579,5.31376301,4.670820559,6.868613279,5.39176681,1.047285425,-6.492128113,0
classical.00017.au,89.10290948,43,0.256394968,0.037378151,1358.897903,1417.887433,2417.593714,0.081115534,-311.5393968,148.6832789,-33.48111774,10.32681581,-12.86201522,1.217720308,-12.89929527,0.798094591,-9.725869002,2.049695027,-5.10888361,6.745241277,4.605569851,3.764831715,1.275329034,1.243599762,-0.089598792,1.511762445,0.387477432,-3.00395469,0
classical.00006.au,99.38401442,47,0.261489298,0.033231888,1372.825807,1579.309887,2737.933444,0.072923217,-295.7028877,134.5350937,-22.44718383,40.74152709,-5.877058657,9.267068275,-11.86493893,6.293622881,-8.860720876,4.400859612,-9.373816673,4.062370393,1.628091568,5.138569878,5.442816459,2.28507817,-1.816667909,-2.923230178,0.1350349,3.197436359,0
classical.00098.au,184.5703125,94,0.289978727,0.029108962,1953.048534,1865.848758,3780.627139,0.123492451,-287.4953054,101.7361401,-35.37274331,41.28448857,-12.74725393,17.28848581,-13.97845943,16.31230359,-5.600776487,13.66430732,-8.791640442,-0.05494214,-13.77111585,6.479974693,6.705735029,6.984978393,7.033379494,8.39260955,-5.607799093,1.378890976,0
classical.00097.au,103.359375,50,0.222324061,0.036727086,1494.115744,1670.924448,2780.841518,0.085921249,-280.6950579,122.7286246,-14.38936307,26.85583571,1.356169664,5.990099161,-13.10404147,3.374500528,-11.54533976,5.199524576,-1.048746791,2.753912313,0.057280497,1.352473474,1.5121087,-2.217835447,0.780848535,-3.965543614,-9.139270548,-6.930954909,0
classical.00079.au,143.5546875,62,0.217626991,0.018847767,789.601607,897.9943189,1158.451328,0.052112308,-437.5572834,171.0271226,7.378997301,-3.129031471,0.791053816,-11.14040062,-12.52517013,-6.894892371,-5.841103854,-8.446661204,-8.470935072,-8.330275448,-7.373576593,-6.733350814,-6.086332232,-7.057519224,-6.649798075,-4.292587933,-4.405682415,-4.917366481,0
classical.00081.au,151.9990809,65,0.2669037,0.016525526,1213.872306,1539.55698,2163.528584,0.060558969,-374.7410914,153.8556579,-21.57473776,20.846503,7.006253364,-3.949142725,-2.522304903,-2.80880482,-4.284175825,-4.506857974,-5.767222891,-4.262547008,-3.843052932,-4.578050788,-3.634757618,-2.292484572,-3.136094292,-0.222148404,2.631096671,1.819158494,0
classical.00096.au,135.9991776,66,0.293142443,0.057000209,1932.858343,1740.355038,3573.061728,0.117520453,-203.5871576,111.1983304,-51.52694043,39.47595195,-10.54644104,11.89438008,-13.18036205,15.11290861,-7.285827781,13.36907158,-7.301339713,3.836546445,-3.773126956,5.291515766,4.111488129,6.639012662,2.993226936,3.539748568,-3.3613864,-3.682384277,0
classical.00028.au,161.4990234,76,0.26294719,0.062616818,1313.698893,1371.049973,2397.052172,0.081097771,-228.9171466,153.9831207,-30.68881557,20.80639676,-6.085672747,1.17441906,-10.7872979,-3.887584272,-11.5984857,0.883624413,-8.282285082,-0.724534358,-3.109804681,-3.437935265,-2.629029201,0.719195071,-1.973605979,-2.513512626,1.571475353,-1.484866681,0
classical.00025.au,129.1992188,65,0.297342448,0.064123116,1184.080387,1304.603804,2139.178731,0.068293994,-221.2628971,173.3370748,-37.46217676,24.36459344,-8.688421229,3.38808323,-12.84121281,1.083141844,-15.3285806,0.42499075,-9.622420323,2.298097657,-4.482634474,0.364165775,-1.487534152,1.811832793,0.228529111,-0.96671071,-0.487611878,-6.266113805,0
classical.00035.au,151.9990809,74,0.319262862,0.0405978,1016.27941,1151.881648,1823.680639,0.061154959,-319.7755586,166.0096191,-11.93308762,27.25413689,7.828892004,1.730611645,-7.856900669,-2.404760986,-2.90730729,-2.52171475,-11.36748204,-4.608424964,-4.492620457,-7.452209083,-5.582484896,-1.869691235,-1.280049004,-1.426752389,-0.487024891,-4.096601372,0
classical.00041.au,123.046875,55,0.268212987,0.021300973,1329.251894,1415.542891,2462.126779,0.078816984,-368.440892,124.27626,-31.57869191,17.614766,2.323812129,-5.951695107,-11.80854965,-5.548753636,-5.406486315,-1.304524334,-8.432322339,-3.618203414,2.203684784,-0.047955861,0.237254781,2.509610797,3.093510769,4.836786106,6.217569177,8.726848425,0
classical.00036.au,107.6660156,48,0.239282395,0.016010107,1281.770846,1502.895726,2440.360243,0.05941045,-419.2288967,127.4483482,-3.792735177,23.19407072,-4.338064134,4.040501794,-8.202417132,-7.616568385,-7.080099027,-2.92444675,-7.414776088,-5.439006483,-9.099890235,-10.61687817,-5.737674599,-0.3924866,7.027566634,5.593973824,-3.469120299,-5.166212583,0
classical.00043.au,129.1992188,55,0.190956714,0.115407556,1063.153306,1552.08904,1610.948592,0.051040886,-249.5338097,161.6055888,10.13459047,-3.079308748,-0.601394898,-2.076702907,-12.19037094,-8.603268701,-14.63880305,-12.05118951,-12.30646586,-7.175682071,-7.889322254,-2.082100293,-2.908613559,-0.859944471,-3.972877567,-0.883545258,-3.987475391,-3.885224839,0
classical.00089.au,99.38401442,45,0.217319909,0.035139497,2423.392871,1884.700007,4296.624019,0.166686445,-301.9122098,57.52900999,-59.132652,33.56534702,-20.88486834,17.7419663,-0.64348149,49.01888741,19.12920724,27.08637911,-17.64494647,-0.273833717,-3.749348521,18.16166343,9.959834067,11.60902519,11.27926645,15.37925721,-7.411045343,-5.853821257,0
classical.00024.au,151.9990809,75,0.253349534,0.066695653,1253.174116,1371.528234,2292.911135,0.071647715,-223.1329365,163.2403389,-34.40471485,24.17049715,-10.28918865,3.227833534,-12.86694534,0.795775178,-14.27435125,1.662018636,-10.1407872,0.246637806,-4.540335439,0.110148013,-2.866471867,1.34881249,-0.336784035,-1.059472976,-1.094790998,-8.060088906,0
classical.00044.au,80.74951172,39,0.252113219,0.017931728,1181.021586,1411.592641,2031.996046,0.071705538,-402.2155387,154.0391035,-15.21943208,15.30022989,-3.088477267,-3.190232483,-9.787203555,-17.31869014,-12.30777811,-7.907882621,-7.088667036,-0.284824816,1.55231395,-1.472115517,-1.741634931,1.851985607,5.03428546,-0.745425005,-0.136658924,-2.858921649,0
classical.00000.au,95.703125,45,0.252391077,0.03625489,1505.299012,1558.952849,2717.008571,0.09824506,-268.1559632,135.6895814,-34.07063305,25.63083214,-12.96951412,17.89194699,-9.996484513,5.628052619,-14.14241723,7.498352679,-3.961599946,8.26125604,-1.352933766,-0.382257282,1.031763534,3.807186985,-0.303796786,1.778556544,0.890327524,-0.837884128,0
classical.00083.au,117.4538352,46,0.244665823,0.041897476,852.9122973,997.1419965,1401.283193,0.050792966,-338.8257212,190.1980768,-16.32957459,3.691679011,-0.438978858,-8.89175613,-10.3860743,-16.37045926,-13.28748718,-10.78842336,-8.645040394,-8.284630148,-4.619125117,-3.797573545,-4.546130568,-3.657228684,-0.943703785,0.542290504,-0.262845562,-1.560352135,0
classical.00062.au,89.10290948,18,0.320224727,0.038956139,1474.803384,1813.316459,2809.941342,0.074046038,-305.3965028,135.9257374,-11.75587664,18.22289194,10.38824025,3.016726847,-5.595541904,0.145116438,-1.348897006,-1.86790534,-3.207136058,-6.740363851,-2.69286992,-5.595527212,-4.52192398,-4.783026321,-5.370309035,-2.622151002,-5.836810218,-6.928834666,0
classical.00046.au,129.1992188,37,0.346797523,0.115125246,1878.644574,1964.912008,3633.986359,0.111613082,-85.2434617,118.4288976,-31.47463609,20.28412147,-4.421110275,6.922971697,-10.95446304,-1.6243682,-7.370241464,-3.015117149,-4.433376578,-1.403674,-4.247367073,-4.168933313,-3.982021498,0.275396998,-3.393379998,1.694451292,-3.685526906,-3.439862216,0
classical.00055.au,78.30255682,40,0.186563747,0.013055688,1079.448981,1388.555898,1764.672663,0.059341289,-484.0280493,144.1766478,1.399308864,8.103261462,4.931988975,-2.322560063,-2.747426349,-6.837030231,-10.14065933,-8.057536506,-7.152664135,-10.56580843,-7.7894016,-2.957175996,-0.261427983,4.301272466,5.296612585,0.185796869,-4.530117867,-1.872410023,0
classical.00094.au,184.5703125,88,0.36900834,0.013995526,1424.013746,1696.938576,2927.307299,0.070154905,-385.7576859,128.6386626,-26.73602511,39.48350198,-2.176446092,16.76000464,-5.731489716,14.7219006,-3.092115022,12.30530222,-5.894019989,2.783779562,3.67149597,10.91880364,10.53664629,9.914707465,6.107597587,3.530101208,-3.320011466,-3.674570673,0
classical.00099.au,95.703125,45,0.3338626,0.010502625,1524.906761,1868.921918,3325.104894,0.080683186,-378.7244762,126.4941727,-18.81674729,42.88675383,-14.29465154,25.34391913,-14.64836079,18.69327272,-10.19309776,21.11294287,4.447901285,18.22638038,-10.27583101,8.955647267,1.210981394,6.280481499,2.530584141,4.389194711,1.705060991,9.986725955,0
classical.00039.au,161.4990234,73,0.270814856,0.012819476,1633.534759,1735.081241,3161.255884,0.108959281,-409.5301478,116.7989561,-16.16544211,11.70334382,0.729538152,5.984519048,-4.26159819,0.499136633,0.435511767,12.60068161,-1.107977198,-1.14716292,4.973182463,1.757982544,-3.910098594,3.505997752,2.799355368,3.101994976,0.651257172,-0.245165094,0
classical.00031.au,112.3471467,51,0.303159348,0.026815005,822.263434,1136.142253,1433.449665,0.039457433,-374.0323929,172.4689155,6.436843841,20.10563849,5.906853088,1.566088283,-6.698415484,-1.198540617,-0.279774611,0.324508653,-6.541102588,-7.307399143,-7.32657717,-10.21687772,-6.144977816,-2.427233126,-2.670047072,-2.285162229,-1.155676065,-3.814173428,0
classical.00076.au,172.265625,84,0.260483112,0.058851279,1340.270643,1538.935291,2521.98475,0.071713474,-238.5822363,149.7839367,-28.87004514,28.25925599,-0.797158128,-3.927916926,-2.143702412,-4.342735858,-4.189805535,-3.443622432,-5.770773269,-0.11647072,2.518272395,0.681765439,0.068461232,1.705275095,0.652180949,1.468414671,-1.831407314,-6.244635206,0
classical.00023.au,95.703125,43,0.267155855,0.017132366,983.6863867,1403.975606,1852.513798,0.044227246,-406.9177577,163.0825027,-2.361218713,32.38403237,7.980317461,9.600345444,-5.42017282,9.466266816,-3.042096451,10.16526555,-10.3424071,-5.423225019,-8.041794868,-2.090807471,0.399182253,3.392422502,3.502365361,7.387801223,6.448440378,0.184801096,0
classical.00073.au,129.1992188,56,0.216328362,0.043831587,1211.296335,1337.762505,2104.70394,0.070939102,-306.7527713,152.9124811,-27.59059249,16.31811187,-3.15672978,-8.933617141,-5.425213112,-9.775880615,-7.10997169,0.293280621,0.870354292,5.411912045,8.193733419,4.199891504,2.057260203,3.033074926,-0.386669589,-2.813876716,-2.90407841,1.33380327,0
classical.00040.au,117.4538352,49,0.250586452,0.019744933,1396.691239,1525.348096,2652.725626,0.072643174,-358.6338939,129.0925535,-30.40317973,19.88711482,-10.3851486,-0.650722657,-10.60776687,1.544903553,-3.974987222,1.864258513,-8.841996782,-7.168083312,-8.213491934,-5.940116839,-0.113216685,4.28034511,8.969017496,12.80198792,14.68691024,11.51135479,0
classical.00054.au,95.703125,47,0.319468121,0.175421417,1712.446076,1607.534077,2833.457866,0.116278208,-106.1917961,127.3736255,-45.29143601,31.27167434,4.311937402,-5.068769228,-16.11893166,14.68739753,-7.904389146,-1.21978008,2.990504876,17.46109006,-4.07354767,1.78177322,0.598686878,4.610257747,-9.984091888,-3.343488864,-3.099766939,1.911288078,0
classical.00069.au,69.83741554,32,0.236665804,0.02916662,1349.415928,1522.684302,2443.618557,0.079280322,-321.1968465,136.3056096,-28.31137819,31.04176082,0.560744693,0.223598153,0.656599768,-1.318524273,-0.041851052,-0.420781378,-6.193747888,-0.160919128,-0.481448584,-0.748258895,7.478552268,10.980685,7.842622,4.329039155,2.988217679,5.856143243,0
classical.00086.au,99.38401442,47,0.312157698,0.031521458,1356.373033,1494.74248,2496.726569,0.076861213,-283.4251932,159.5823982,-29.54063873,18.5522196,-9.888207447,-3.424281002,-10.99208916,-9.775556657,-8.296185178,-4.247249757,-2.861832707,-5.974322541,-4.022138521,-3.348464908,-3.386720903,-1.859289724,-0.442006038,1.898496856,-0.116115068,-2.816876771,0
classical.00058.au,143.5546875,72,0.265696528,0.029998526,1137.95424,1480.521866,1821.180654,0.081868364,-349.9776786,161.8329269,-3.369808924,14.19218625,5.775283767,3.541689495,2.978593725,-7.1058207,-7.921549581,-0.359461977,2.835887727,-2.495977798,-6.779701339,-8.832050432,-6.674717886,-4.899663099,0.100756334,4.259926519,5.100457698,2.608982327,0
classical.00082.au,117.4538352,52,0.282797433,0.042976044,1415.07921,1448.743591,2489.501613,0.08737929,-264.0368621,142.1472484,-51.36072439,5.033838757,-20.2625068,-17.1301099,-16.06824185,-20.30654412,-15.03551468,-9.732967646,-8.395368057,-11.77116553,-6.878544417,-4.600869784,-2.051570385,-2.375288367,0.964472967,3.021266883,1.377957013,5.553212225,0
classical.00004.au,161.4990234,80,0.223170801,0.042299889,1705.704611,1646.292971,3175.73913,0.112866664,-259.9099762,118.9392889,-35.6118514,31.97763632,-16.52928113,10.62212802,-15.65127709,7.435393944,-5.812290548,8.267929743,-18.01274042,-1.19683287,-6.347265455,2.761451537,-2.592573653,4.38480668,-4.136894947,-4.779474009,-4.772360214,-4.608322489,0
classical.00090.au,95.703125,45,0.215812677,0.023866184,2172.340941,1883.258566,4066.55041,0.151986231,-326.2809271,85.92119293,-42.98763851,31.84154312,-19.57250616,9.994432509,-16.45934264,10.00357189,-8.595387587,25.50846431,6.536586426,16.3986173,3.505810897,9.58815851,5.921453162,9.285932017,9.968676329,9.201811023,2.801200814,-5.379816183,0
classical.00066.au,135.9991776,68,0.187032426,0.031731356,794.9184861,1295.689452,1007.277242,0.04503223,-429.3462372,175.1542673,31.90371063,4.270010623,1.052185076,-5.770809256,-9.47931798,-11.28205717,-10.58142905,-8.662842869,-6.334779173,-1.680827171,0.820965229,-0.185078363,0.031626073,0.206131953,-1.847032737,-4.420416954,-4.973250266,-4.60422746,0
classical.00065.au,123.046875,55,0.207163261,0.02920289,828.7544423,1325.839316,1013.485538,0.047511806,-421.7212612,172.8163169,28.09436294,-2.574365603,-3.571014934,-4.860743292,-8.889903231,-10.70082692,-7.689229034,-7.963271184,-7.336991919,-2.720299242,-0.92076964,-4.212186208,-8.42082084,-8.398378171,-4.131449938,-0.419879213,0.085864876,-0.262021274,0
classical.00033.au,143.5546875,28,0.303928026,0.012362544,1128.264022,1375.873089,2165.770237,0.054393095,-429.0843039,120.7541798,-1.685719418,17.95427176,7.73696167,-2.045432003,-3.942677646,-2.536329162,-0.58306181,-0.797120992,-9.051377243,-3.685856319,-0.977725603,-4.998318783,-3.810670021,-2.414422032,-1.896630844,-0.30721912,3.41963633,3.145613901,0
classical.00016.au,99.38401442,35,0.219209088,0.008010743,1054.489587,1455.684587,1947.038227,0.047664489,-482.6776325,154.8658039,-5.028833566,29.73190532,-1.871845913,8.219090616,-4.765624394,9.654473428,-3.3304281,4.539550024,-10.09519712,-0.65576097,-2.449868246,-0.168453101,1.862222187,3.479766795,3.38882594,1.115774897,1.277016751,-0.666913992,0
classical.00092.au,95.703125,45,0.181161139,0.084155142,1807.461178,1439.026566,3071.923091,0.130958014,-299.671853,103.66907,-27.64827926,51.02044975,12.29165045,16.50796819,-10.93573346,-0.898703338,3.839399386,12.95407925,-12.39587815,2.455285017,5.183694317,-0.733193783,-0.611028901,-1.195119301,5.918663797,9.809741995,-2.667044638,-3.084350476,0
classical.00010.au,103.359375,50,0.245015087,0.029512677,1497.196639,1570.533625,2868.149323,0.08621641,-315.0127319,128.7296174,-28.92303238,30.83760347,-8.995137514,7.980528058,-9.847439162,1.450484173,-8.964623311,6.052197318,-3.320049202,7.604282769,3.793344007,2.932729822,1.838371636,5.208350571,1.074667437,0.142403654,-4.536049493,-2.303605293,0
classical.00067.au,143.5546875,22,0.267353394,0.031687785,1118.227507,1702.17492,1993.671278,0.046355351,-413.5759926,143.4252346,31.34383677,14.03133914,1.524376245,-2.291032157,-6.478890304,-8.102931184,-5.92481866,-4.462898999,-2.783361132,-0.809472789,-1.208139889,-2.380845832,-3.810326569,-3.515401558,-2.712517443,-2.385785556,0.622823741,2.667576504,0
classical.00002.au,99.38401442,49,0.277865226,0.043869056,1490.03481,1599.959102,2784.916493,0.09004972,-235.2558158,141.1281949,-34.6668532,30.97923525,-16.37793448,23.1119843,-11.03144507,7.639465976,-19.00824243,4.235648969,-11.82091579,8.909783265,-1.433871338,4.281025243,1.482140651,3.187973498,-1.309517985,2.929818444,-1.661002799,-2.896665745,0
classical.00015.au,83.35433468,37,0.216583675,0.011433194,1371.560999,1562.1589,2620.284156,0.075752376,-449.5371146,124.9554591,-19.87163109,27.51456054,-5.768756518,2.200035558,-6.57534409,10.6088656,3.365800217,14.39861542,1.991939355,5.253876047,4.415059767,5.061342917,7.178780344,6.201670162,7.162364458,3.837860835,2.601998614,4.940062901,0
classical.00070.au,161.4990234,76,0.244239298,0.031917829,1355.797918,1615.509457,2522.409747,0.070855959,-321.1835571,134.56214,-18.252364,22.19075677,0.424091914,-3.804539164,0.493068804,-1.144537723,-1.897793156,-0.103112681,-2.75549605,0.596389706,2.499061254,0.309350058,1.679268947,2.884449427,2.083111312,1.159768684,-2.39285542,-3.40899494,0
classical.00045.au,184.5703125,86,0.236279315,0.138628036,1175.77635,1502.581165,1901.213504,0.062295542,-170.8716869,157.0533363,-21.97223794,5.248212231,-4.095150954,-3.685956471,-8.814517378,-4.855915432,-7.882416364,-5.411493835,-9.368364216,-6.620591487,-7.813977218,-1.458160854,-3.597212508,-2.86274637,-3.917558162,0.20200267,-3.435176821,-0.832704438,0
classical.00050.au,107.6660156,53,0.286158732,0.007970527,1170.074748,1595.535985,2360.219061,0.049492898,-449.5955971,151.5077771,-12.74792687,44.27062033,6.2370757,4.049765919,-1.482332862,-1.619642626,-2.491078567,-4.290789405,-9.658143252,-1.339994625,0.15140475,3.733019477,5.286010908,1.205417161,-2.303857753,-4.123120889,-1.815835687,1.234528988,0
classical.00064.au,89.10290948,32,0.198925769,0.012563469,1118.108795,1944.796302,1873.613671,0.042299064,-498.7295276,145.6748914,46.519845,15.26243738,3.060985238,-0.831216993,-5.215124706,-6.201449496,-3.814042434,0.083686998,2.722812972,2.221047387,0.238987878,-0.461076472,-0.874307644,0.5857767,3.283147425,2.308997824,-2.571966932,-4.81958437,0
classical.00052.au,161.4990234,74,0.387949211,0.055504654,2411.938718,2436.355441,4994.711464,0.126970132,-186.3988596,86.65773163,-15.70733811,14.7437976,-2.216229333,6.269822618,-0.889201196,0.665299295,-6.086888072,-5.210792594,-7.860584817,-1.717162651,-4.707716858,-2.05879872,1.408477279,2.760478451,3.301349225,3.110860974,-4.410137469,-5.03804231,0
classical.00018.au,161.4990234,79,0.239078871,0.018684961,1157.889858,1320.769334,2181.978473,0.070668885,-405.6738141,145.7073105,-0.83281052,23.07400454,9.221291172,-2.649329609,-5.747466851,-2.085039849,-0.642352711,6.762438457,2.804330023,2.440666569,5.080262274,2.38739836,1.868199322,2.499295566,1.519764511,-2.263746764,-1.442390843,2.613459964,0
classical.00095.au,86.1328125,43,0.227545203,0.013565917,1800.707843,1780.942269,3426.854278,0.124357147,-422.6054908,89.83272426,-18.71768527,37.7984894,6.008159885,4.158118754,-1.981775725,12.12446459,4.167507614,13.7887695,2.82442222,5.887097545,6.128175064,8.144629006,12.35758798,7.093214533,2.414364494,0.784178492,-3.421368433,-0.746098513,0
classical.00012.au,95.703125,36,0.235657963,0.031418923,1179.908654,1332.076043,2153.69531,0.065938755,-362.7068034,143.9500168,-18.97873594,30.64839801,1.051361971,0.268699895,-7.971798926,-3.868974802,-8.924187564,3.246232282,-4.449105909,3.633874772,4.931776441,3.279899742,6.371131919,6.072489767,3.846664116,-0.252130442,1.159938735,1.792781879,0
classical.00032.au,103.359375,48,0.283133883,0.008045236,792.8999211,1205.27047,1207.567698,0.036581789,-498.5841137,177.5199162,11.20583976,27.64554473,-2.833987372,5.101153023,-6.605435121,-1.060355181,-4.152252699,-3.053446288,-9.906495011,-8.56630222,-9.185145327,-11.93079221,-9.190084174,-10.89735641,-8.853785054,-3.932598268,-2.391122392,-2.302706485,0
classical.00088.au,103.359375,45,0.294134905,0.028241822,1302.662455,1455.251726,2347.185807,0.070536233,-299.7755313,157.3368585,-37.35420931,15.77100838,-5.749817013,-4.457769194,-6.815905376,-10.73725208,-9.883400015,-8.15330098,-5.417673363,-7.837649527,-2.732071342,-1.108235978,1.650344321,3.642178749,3.084368613,0.109204952,-0.795171759,-2.738004782,0
classical.00026.au,161.4990234,79,0.245645579,0.038903285,1278.601087,1311.814973,2233.269829,0.081748183,-319.3309734,143.6587606,-31.16957384,10.91503181,-5.536344023,-4.259856073,-8.934058354,-5.589971741,-8.016283534,2.333270686,-4.469379625,-0.329832967,0.964388371,1.14235525,-0.47774941,-1.317324177,0.151645333,1.50490048,3.704420031,3.060905994,0
classical.00029.au,135.9991776,58,0.246935361,0.041608013,1558.813953,1578.563682,2922.065664,0.09221524,-297.2197476,130.2805886,-30.58888955,27.49037283,-7.059620568,1.99033595,-11.12716156,4.754548283,-8.772728106,5.419722002,-5.373447685,4.469510431,1.731519258,1.88813674,-1.310469078,1.090912064,-0.989501508,-1.464829885,0.635971409,1.159915627,0
classical.00030.au,117.4538352,53,0.278348916,0.02973626,1243.718021,1358.625381,2353.127438,0.063724482,-315.6496456,149.6717028,-30.59815163,23.22397625,-8.70046426,-10.10547852,-15.73475205,-4.045699298,-7.658757106,0.046664279,-11.14192527,-7.668728817,-5.870953867,-4.8573936,-5.141024189,-5.416103603,-3.173172336,1.45092521,0.128026327,-4.178902784,0
classical.00021.au,135.9991776,67,0.266760217,0.045469102,1371.283566,1440.791445,2570.001126,0.07956679,-278.2118714,147.8877494,-31.57806988,20.36562584,-9.584999369,-6.243183457,-13.607878,-0.664353526,-7.273588579,1.024137846,-11.75458364,-0.964953371,-2.221944101,-0.574204163,1.875123347,5.1497116,2.630448074,0.821937271,-1.647067767,-0.104044566,0
classical.00085.au,107.6660156,52,0.309652754,0.0388886,1525.619293,1588.175467,2732.975141,0.091587882,-246.1896272,149.4477375,-41.97700385,11.61573165,-10.28599099,-4.013753011,-7.13934733,-10.13402996,-9.423483621,-7.170180701,-3.150281778,-5.630423799,-2.579881386,-4.521074936,-6.165346046,-4.970549888,-3.346553458,-3.345275849,-0.672825416,0.221499452,0
classical.00053.au,215.3320313,95,0.304577593,0.139884323,1465.481886,1554.510617,2749.191709,0.087918969,-119.2903458,149.5882614,-43.33437349,24.63939919,-5.615125831,10.78639021,-2.899428113,0.787197091,-6.547196391,4.396779426,-1.292800128,1.365430505,-1.08114163,-2.435240651,-1.937584992,1.29807274,-1.381196879,1.044973134,-5.602966024,-1.986242643,0
classical.00011.au,151.9990809,57,0.243056368,0.021505473,949.460832,1112.245413,1695.881412,0.060726012,-385.2468575,177.2567904,-9.32169693,24.37734064,5.83310778,-4.560812235,-6.349944307,-6.98205993,-4.130705979,3.851764771,-0.355619852,-0.934136338,-3.65864696,-2.104559199,3.646539913,0.722249046,-1.226298239,-0.747415878,2.795864864,1.5541773,0
classical.00060.au,123.046875,57,0.305244371,0.068768859,1803.621756,1898.059829,3366.512976,0.104016378,-166.4064921,122.1282319,-32.10651207,16.68876173,-5.39815142,-2.480009174,-9.827961,-4.900783275,-6.977220586,-4.570064203,-6.660296729,-5.492583967,-5.374863813,-4.963047159,-2.79145972,-3.193163552,-4.082942699,-3.54599576,-4.631451621,-1.172830404,0
classical.00003.au,71.77734375,30,0.234236042,0.02944977,1526.647067,1499.532617,2915.974034,0.108951722,-326.8648358,127.3913095,-30.59609567,37.46880149,-5.29610262,20.81087142,-1.778644082,-4.604763389,-4.054472673,5.228941576,-0.645898281,2.807639089,7.252175827,3.98063896,-2.389035482,1.490968263,0.583444169,-0.610586777,2.334468556,2.649742284,0
classical.00007.au,215.3320313,106,0.276529211,0.040873736,1358.918358,1516.208523,2667.900534,0.07314695,-286.838421,135.9194447,-24.43711591,36.64864361,-6.234456424,6.954075525,-8.162779019,3.839327856,-4.390524448,6.429920696,-4.123742178,1.543668155,-4.346956916,-3.018977406,-0.005314098,5.652413319,3.437009944,2.830976581,1.097174449,-0.294304202,0
classical.00049.au,103.359375,53,0.311586873,0.123812079,2224.870164,2274.309912,4467.431319,0.109446428,-98.32329268,98.35693256,-20.49176243,18.81813842,-2.096720558,2.66357034,-7.309946601,-3.58692804,-7.98606512,-1.916309115,-4.727486672,0.627075774,-2.591273011,-1.470525182,-3.170649914,0.657625906,-4.816374339,-2.21776159,-3.808979769,0.233789431,0
classical.00057.au,107.6660156,44,0.253792937,0.016777493,1751.271417,1929.810758,3235.663768,0.095257927,-367.167175,112.8434629,-18.75544018,10.1684117,-1.61024952,3.807522058,0.919349335,5.065091952,-5.365445405,-9.519146608,-8.492281807,-1.784953225,1.298791609,-3.868345564,-2.63781276,-1.05349027,-1.271523553,-2.503537285,-2.572472372,-4.062232258,0
classical.00048.au,172.265625,86,0.29654677,0.160943836,1515.562085,1642.201168,2770.916578,0.087271581,-123.8138903,148.4859407,-21.53865665,17.44088151,-1.427724087,4.17846452,-6.992981419,-5.081175359,-5.793177926,5.041861208,-6.246159343,-1.972754861,-0.971060913,-2.452157662,-4.320482793,-0.865963435,-4.714952996,-2.229833311,-5.132430279,-3.215063663,0
classical.00063.au,95.703125,46,0.226774792,0.020157427,690.0759016,1357.993036,749.0621372,0.036054204,-465.8814244,180.226275,56.66609011,11.02066615,5.836132599,0.733154211,-3.96780048,-5.889532014,-8.465918062,-9.788876424,-7.695054782,-3.257702825,-1.862362475,-4.015224927,-4.108050426,-2.473332007,-2.356454967,-2.989890772,-3.218618833,-1.708300169,0
classical.00080.au,143.5546875,69,0.43790937,0.005275614,972.0335267,1615.116867,1907.413466,0.031537602,-549.7889976,157.084783,6.571024231,34.43964842,13.27748618,5.7458854,5.060513136,-3.009928482,2.060724786,3.07612631,2.013797276,3.240881729,5.669565652,5.704830428,3.638743951,4.090256949,4.329780922,3.35739,2.622762059,1.662479769,0
classical.00038.au,151.9990809,59,0.294410143,0.044319287,1279.041661,1339.072399,2376.660629,0.075835898,-276.0433564,146.3716199,-36.57127502,24.18774252,-2.539282357,-2.177395334,-13.29306856,-6.525786508,-9.394073043,-3.12077359,-11.53156937,-4.190681573,-1.677290618,-1.520686849,-3.197953662,-1.768453697,-2.238900607,-3.524319039,-2.994682678,-3.303548505,0
classical.00005.au,143.5546875,66,0.268581567,0.043271575,1431.427561,1558.388149,2836.657847,0.075238774,-264.2473494,138.148906,-30.09456457,37.8155911,-7.173773575,6.776307495,-11.79850388,4.71285002,-9.830425314,5.84923284,-9.574090494,2.667866142,-4.791534893,-1.404991902,-2.094341783,2.984207994,3.361477533,4.814610205,1.761761888,-1.826767152,0
classical.00042.au,198.7680288,96,0.261728171,0.134665444,1327.314425,1326.718843,2172.570196,0.093852796,-160.3159575,164.1304235,-48.88659064,1.594527284,-7.591125361,-2.62572443,-11.07649181,-7.024642288,-8.119808075,1.2334967,-5.495746043,-4.220363995,-5.457256119,-1.710065982,-3.092174183,-1.292397156,-6.099581263,-0.928016344,-4.045847533,-1.557732156,0
classical.00068.au,83.35433468,40,0.257274684,0.05739738,1559.721852,1615.769538,2812.832991,0.095202372,-234.3976774,130.2687658,-39.54861722,19.33803306,-6.797016857,-5.126454677,-3.709482235,-4.035499861,-5.070611954,-1.367525466,-7.736359292,-4.381911511,0.465239999,0.785137366,5.458493945,8.777550079,7.040208432,2.416228707,-2.306312413,-0.242262315,0
classical.00075.au,117.4538352,47,0.217421432,0.016483212,1171.718503,1466.931645,2235.903146,0.060884741,-412.9378214,138.5332065,-19.26767668,34.15322364,8.963805178,-4.296085383,4.162109456,0.88612371,3.075768429,0.10753542,-4.061129351,3.789273517,5.924253616,3.491832785,6.626801517,6.746299202,2.471471494,-1.881159771,-0.062472207,2.724356132,0
classical.00051.au,135.9991776,40,0.381394246,0.080538675,1527.629816,2079.663702,3220.847191,0.060105079,-230.2445377,119.1512896,-1.050998565,28.38791656,10.0087106,16.12883606,4.791749137,6.190907206,0.947356483,5.912571733,-1.178274507,3.573959687,-2.100357402,-0.905366585,-1.850414401,-0.001898243,-2.796700298,2.336202982,-1.440900182,2.739942034,0
classical.00013.au,129.1992188,60,0.232114129,0.031741571,1388.034995,1456.184587,2598.750952,0.080889534,-343.11034,140.1042372,-20.91519483,32.33650833,-3.688877605,2.937928061,-10.67270864,0.316627782,-5.786782424,7.689375084,-3.672480039,2.562069261,-3.498306345,-2.245538892,-0.837853865,0.887983257,0.482037592,0.947071094,1.864163765,-0.637870131,0
classical.00001.au,112.3471467,56,0.2150638,0.030627836,1360.408354,1441.143831,2387.218898,0.087771578,-324.0587687,133.6100442,-25.03110001,24.56755496,-11.93368819,17.66252806,-5.530694557,1.716686726,-10.56964116,-0.845978303,-7.798112436,3.522399504,5.041735245,1.36183358,3.003346005,-3.12486311,-4.291533668,0.591217509,2.871973424,0.36627083,0
classical.00014.au,143.5546875,66,0.234085778,0.031621873,1279.614578,1370.57412,2389.502218,0.068473131,-324.5961669,147.8146841,-31.92285681,27.39476096,-4.490214118,-4.173857287,-12.57778444,-5.133749563,-7.733083877,0.834527318,-8.187136492,-0.830245734,1.007083808,3.666312726,6.204835475,4.706806474,-0.047575241,-2.340403291,2.23220478,-0.550190556,0
classical.00074.au,161.4990234,79,0.237426219,0.037299454,1359.905307,1572.452917,2568.617801,0.072116722,-289.7986052,143.9093189,-26.99605421,24.07006033,-1.147743076,-6.297492762,-2.745308254,-3.528567912,-3.021367254,-3.146630958,-7.257053492,-1.684358968,3.078969826,2.686264453,2.535048614,4.614130023,2.376673644,-1.273050825,-3.541757726,-2.806386568,0
classical.00093.au,135.9991776,67,0.226947912,0.082526974,1623.859388,1551.627434,2732.316811,0.108258227,-207.3462799,117.6016858,-41.39534417,13.24882142,-1.677715359,15.51396657,-10.35603377,-1.870503834,-12.74604702,7.013280777,-0.772161412,2.063638647,-8.267795129,-1.469822813,-7.08292063,0.935701161,-5.540827594,-8.498916692,-1.48604412,5.382281589,0
classical.00009.au,234.9076705,117,0.270478239,0.023797711,1216.293762,1582.801551,2560.259518,0.056270257,-356.1422005,139.8057898,-6.27847651,43.17628812,-8.859080611,11.04257684,-8.373957265,4.415755272,-8.290997998,8.676969766,-8.138158064,3.42429329,-1.43833444,-0.419472501,-1.726718752,-0.283631468,-0.65353769,1.16054823,-0.624840824,-0.257531581,0
classical.00034.au,123.046875,57,0.27404574,0.038926434,1369.627553,1465.90437,2655.117278,0.07356796,-309.2263854,138.6490755,-29.71116245,33.62006857,-0.366601617,5.239733522,-6.327446329,3.26768068,-6.717177367,-0.696607718,-13.24336548,-8.522910968,-9.665677825,-4.2991508,0.254182352,1.025886788,1.905871144,3.718264061,2.555920013,-4.928795226,0
classical.00022.au,107.6660156,40,0.276292326,0.047907226,1211.199952,1367.098873,2237.361471,0.068446298,-278.7496955,160.025502,-28.40550336,23.06528635,-2.695341914,3.014485348,-11.29186955,-0.508197781,-11.3593992,3.179764118,-5.102967633,4.338497918,-4.077256886,-0.160675446,-1.67059686,1.642599852,0.999606399,-0.761482635,-3.834271258,-3.553058856,0
classical.00087.au,123.046875,52,0.274433506,0.021447383,876.8756126,1108.440322,1457.207855,0.051046555,-393.0083503,190.791967,-13.3279667,8.270543015,1.545572899,-11.07833613,-11.24577083,-14.00335755,-10.6188723,-9.392918237,-4.614812279,-10.06830981,-4.813955445,-1.749296706,-4.676028424,-2.128495493,1.019438916,1.304684975,-0.15830985,-1.414171285,0
classical.00077.au,161.4990234,76,0.219015447,0.016757213,811.6796467,1008.655016,1236.067526,0.048344757,-477.9684051,155.3398933,12.76250684,5.520710049,2.388046934,-10.64541645,-16.63592907,-12.53544905,-11.18464027,-9.376080024,-3.217064722,-2.766592445,-6.466333216,-8.296724136,-7.092608385,-7.475465683,-5.325729923,1.261013252,1.874983459,-1.657999187,0
classical.00059.au,117.4538352,56,0.282586724,0.069164112,1551.647144,1651.379206,2841.574484,0.093299511,-197.1315366,137.3726506,-34.19014889,25.36375773,-5.278909202,-2.775008141,-9.495563111,-7.604076476,-7.64976863,-5.663428257,-4.382352252,-5.433878918,-3.544795253,-5.6697367,-1.889413477,-2.885263957,-3.482324828,-4.024889901,-7.294774223,-4.200939909,0
classical.00027.au,135.9991776,68,0.240704898,0.02841945,901.8344805,1171.915796,1456.666192,0.053449412,-366.2202035,181.6006394,-5.524955035,27.00150983,-4.81776196,4.613731761,-10.52735266,0.163987134,-11.13435282,3.583682451,-10.33113327,-1.081936113,-4.599207293,-0.48440368,0.838412813,0.247920416,2.131202566,0.704445449,1.029193796,-3.06196477,0
classical.00020.au,143.5546875,69,0.269064543,0.038438499,1218.290508,1353.616224,2295.177788,0.069812881,-300.9376968,161.1111541,-24.24414177,27.96508364,-2.844829759,2.36566311,-11.24868468,0.212808053,-6.822385966,6.087223511,-8.132076265,-1.808325039,-4.104601749,-2.045668226,-1.59643732,0.646647857,1.454413713,-0.221094165,-1.292083986,-7.10052662,0
classical.00072.au,117.4538352,57,0.27942064,0.020731511,1284.921775,1659.622614,2476.568358,0.063749803,-360.8217688,138.9993019,-12.93926559,33.80576106,7.586083992,-1.716115329,1.036665518,4.07786455,3.933508006,0.931713081,0.504210195,4.684600499,3.34318702,-2.251255368,-1.852867714,2.215029386,1.784787661,-1.519674199,-3.253520815,3.998949629,0
classical.00061.au,151.9990809,76,0.281669837,0.048188843,1322.026416,1590.233329,2473.626709,0.076126146,-274.4268579,148.3744981,-20.32708837,21.80308525,7.95062795,3.786244628,-2.229539912,-6.097595412,-5.630470015,-6.69599763,-5.915318911,-4.592367878,-1.540610218,-3.028736671,-4.697144687,-7.715004679,-7.212517446,-5.410751474,-5.246985162,-5.270150185,0
classical.00008.au,135.9991776,67,0.254773571,0.034038126,1516.626219,1629.500705,2973.782018,0.078787883,-292.1283002,127.7690458,-29.90104067,37.43018763,-9.54702436,5.113703381,-13.81169462,7.026101016,-7.030174616,6.489696899,-9.906080985,4.709106593,0.377205969,1.464333442,3.393673842,6.076537648,0.963428929,-0.753660246,-2.10531229,0.755132392,0
